nn,md,nc,umap_metric,mcs,ms,eps,hdb_metric,Clusters,Silhouette,NoiseRatio,Score,TimeSec
30,0.5,16,euclidean,100,50,0.0,euclidean,2,0.5796415209770203,0.0025476587894228235,0.5770938621875974,10.895
30,0.5,16,euclidean,100,50,0.1,euclidean,2,0.5796415209770203,0.0025476587894228235,0.5770938621875974,10.824
30,0.5,16,euclidean,100,20,0.0,euclidean,2,0.5796415209770203,0.0025476587894228235,0.5770938621875974,9.492
30,0.5,16,euclidean,100,20,0.1,euclidean,2,0.5796415209770203,0.0025476587894228235,0.5770938621875974,9.385
50,0.5,8,euclidean,100,20,0.0,euclidean,2,0.5731512308120728,0.0,0.5731512308120728,9.124
50,0.5,8,euclidean,100,20,0.1,euclidean,2,0.5731512308120728,0.0,0.5731512308120728,9.776
50,0.5,8,euclidean,100,5,0.0,euclidean,2,0.5731512308120728,0.0,0.5731512308120728,8.859
50,0.5,8,euclidean,100,5,0.1,euclidean,2,0.5731512308120728,0.0,0.5731512308120728,9.715
50,0.5,16,euclidean,50,20,0.1,euclidean,2,0.565887987613678,0.0,0.565887987613678,9.812
50,0.5,16,euclidean,100,50,0.1,euclidean,2,0.565887987613678,0.0,0.565887987613678,10.827
50,0.5,16,euclidean,50,20,0.0,euclidean,2,0.565887987613678,0.0,0.565887987613678,10.221
50,0.5,16,euclidean,50,50,0.0,euclidean,2,0.565887987613678,0.0,0.565887987613678,10.468
50,0.5,16,euclidean,50,50,0.1,euclidean,2,0.565887987613678,0.0,0.565887987613678,10.106
50,0.5,16,euclidean,100,5,0.0,euclidean,2,0.565887987613678,0.0,0.565887987613678,10.518
50,0.5,16,euclidean,100,20,0.0,euclidean,2,0.565887987613678,0.0,0.565887987613678,9.27
50,0.5,16,euclidean,100,50,0.0,euclidean,2,0.565887987613678,0.0,0.565887987613678,10.086
50,0.5,16,euclidean,100,5,0.1,euclidean,2,0.565887987613678,0.0,0.565887987613678,10.208
50,0.5,16,euclidean,100,20,0.1,euclidean,2,0.565887987613678,0.0,0.565887987613678,9.524
30,0.5,8,euclidean,100,20,0.0,euclidean,2,0.5593284368515015,0.0,0.5593284368515015,8.541
30,0.5,8,euclidean,100,20,0.1,euclidean,2,0.5593284368515015,0.0,0.5593284368515015,9.568
30,0.5,8,euclidean,100,50,0.0,euclidean,2,0.5593284368515015,0.0,0.5593284368515015,9.701
30,0.5,8,euclidean,100,50,0.1,euclidean,2,0.5593284368515015,0.0,0.5593284368515015,9.209
50,0.0,32,euclidean,50,20,0.0,euclidean,60,0.7116976380348206,0.15549503645787577,0.5562026015769448,6.789
50,0.0,32,euclidean,50,20,0.1,euclidean,60,0.7116976380348206,0.15549503645787577,0.5562026015769448,6.799
50,0.0,16,euclidean,50,50,0.0,euclidean,54,0.739829957485199,0.1952033734516384,0.5446265840335606,5.888
50,0.0,16,euclidean,50,50,0.1,euclidean,54,0.739829957485199,0.1952033734516384,0.5446265840335606,5.505
50,0.5,32,euclidean,50,50,0.0,euclidean,2,0.5419634580612183,0.0,0.5419634580612183,12.887
50,0.5,32,euclidean,100,50,0.1,euclidean,2,0.5419634580612183,0.0,0.5419634580612183,14.013
50,0.5,32,euclidean,50,50,0.1,euclidean,2,0.5419634580612183,0.0,0.5419634580612183,12.506
50,0.5,32,euclidean,100,5,0.1,euclidean,2,0.5419634580612183,0.0,0.5419634580612183,13.125
50,0.5,32,euclidean,100,5,0.0,euclidean,2,0.5419634580612183,0.0,0.5419634580612183,12.481
50,0.5,32,euclidean,100,50,0.0,euclidean,2,0.5419634580612183,0.0,0.5419634580612183,12.388
30,0.0,32,euclidean,50,20,0.0,euclidean,62,0.7030199766159058,0.16287446191689361,0.5401455146990122,8.009
30,0.0,32,euclidean,50,20,0.1,euclidean,62,0.7030199766159058,0.16287446191689361,0.5401455146990122,8.815
50,0.0,32,euclidean,50,5,0.1,euclidean,66,0.698736310005188,0.16261091100764297,0.536125398997545,6.498
30,0.0,8,euclidean,50,50,0.0,euclidean,56,0.7587809562683105,0.2246332249846262,0.5341477312836843,5.473
30,0.0,8,euclidean,50,50,0.1,euclidean,56,0.7587809562683105,0.2246332249846262,0.5341477312836843,4.623
50,0.0,32,euclidean,50,50,0.0,euclidean,51,0.7321649193763733,0.1997715892119828,0.5323933301643905,6.391
50,0.0,32,euclidean,50,50,0.1,euclidean,51,0.7321649193763733,0.1997715892119828,0.5323933301643905,6.292
30,0.5,32,euclidean,100,20,0.0,euclidean,2,0.5323759913444519,0.0,0.5323759913444519,13.193
30,0.5,32,euclidean,100,20,0.1,euclidean,2,0.5323759913444519,0.0,0.5323759913444519,12.402
30,0.5,32,euclidean,100,50,0.0,euclidean,2,0.5347902178764343,0.0025476587894228235,0.5322425590870115,12.906
30,0.5,32,euclidean,100,50,0.1,euclidean,2,0.5347902178764343,0.0025476587894228235,0.5322425590870115,12.597
30,0.0,16,euclidean,50,20,0.1,euclidean,64,0.6976149678230286,0.166476324343319,0.5311386434797096,6.806
30,0.0,16,euclidean,50,20,0.0,euclidean,64,0.6976149678230286,0.166476324343319,0.5311386434797096,6.419
30,0.0,32,euclidean,50,50,0.1,euclidean,53,0.7447134852409363,0.2167266977071071,0.5279867875338292,7.899
30,0.0,32,euclidean,50,50,0.0,euclidean,53,0.7447134852409363,0.2167266977071071,0.5279867875338292,8.023
50,0.0,32,euclidean,50,5,0.0,euclidean,67,0.6919050812721252,0.16471931828164807,0.5271857629904771,6.332
50,0.0,8,euclidean,50,5,0.1,euclidean,70,0.6853471994400024,0.15830624615654923,0.5270409532834532,5.886
50,0.0,8,euclidean,50,50,0.1,euclidean,58,0.7430015802383423,0.21655099710094,0.5264505831374022,5.883
50,0.0,8,euclidean,50,50,0.0,euclidean,58,0.7430015802383423,0.21655099710094,0.5264505831374022,4.891
30,0.0,16,euclidean,50,50,0.0,euclidean,56,0.7550781965255737,0.22972854256347183,0.5253496539621019,5.471
30,0.0,16,euclidean,50,50,0.1,euclidean,56,0.7550781965255737,0.22972854256347183,0.5253496539621019,5.229
30,0.0,8,euclidean,50,5,0.1,euclidean,61,0.6881314516067505,0.16366511464464553,0.524466336962105,5.669
50,0.0,8,euclidean,50,20,0.1,euclidean,65,0.698798418045044,0.17570060616709127,0.5230978118779527,6.011
50,0.0,8,euclidean,50,20,0.0,euclidean,65,0.698798418045044,0.17570060616709127,0.5230978118779527,5.506
50,0.0,8,euclidean,50,5,0.0,euclidean,71,0.6800175905227661,0.1605025037336379,0.5195150867891283,5.714
50,0.0,16,euclidean,50,5,0.1,euclidean,62,0.6787765622138977,0.15962400070280242,0.5191525615110952,6.93
30,0.0,8,euclidean,50,5,0.0,euclidean,62,0.6822047233581543,0.1651585697970658,0.5170461535610885,5.997
50,0.0,16,euclidean,50,20,0.0,euclidean,63,0.6881170272827148,0.1717473425283317,0.5163696847543832,6.066
50,0.0,16,euclidean,50,20,0.1,euclidean,63,0.6881170272827148,0.1717473425283317,0.5163696847543832,6.018
30,0.0,32,euclidean,50,5,0.1,euclidean,64,0.6720902919769287,0.15909689888430115,0.5129933930926276,7.295
30,0.0,32,euclidean,50,5,0.0,euclidean,64,0.6720902919769287,0.15909689888430115,0.5129933930926276,7.589
50,0.0,16,euclidean,50,5,0.0,euclidean,63,0.6745474338531494,0.16234736009839235,0.5122000737547571,6.101
10,0.0,32,euclidean,50,5,0.0,euclidean,61,0.6850786805152893,0.17394360010542037,0.5111350804098689,8.876
10,0.0,32,euclidean,50,5,0.1,euclidean,61,0.6850786805152893,0.17394360010542037,0.5111350804098689,9.016
30,0.0,8,euclidean,50,20,0.1,euclidean,64,0.709529459476471,0.2032856013353246,0.5062438581411464,4.816
30,0.0,8,euclidean,50,20,0.0,euclidean,64,0.709529459476471,0.2032856013353246,0.5062438581411464,5.021
10,0.0,32,euclidean,50,20,0.0,euclidean,58,0.6981099843978882,0.1953790740578055,0.5027309103400827,9.081
10,0.0,32,euclidean,50,20,0.1,euclidean,58,0.6981099843978882,0.1953790740578055,0.5027309103400827,9.339
10,0.0,16,euclidean,50,20,0.1,euclidean,62,0.691466748714447,0.1913379601159624,0.5001287885984846,6.605
10,0.0,16,euclidean,50,20,0.0,euclidean,62,0.691466748714447,0.1913379601159624,0.5001287885984846,6.788
10,0.0,16,euclidean,50,5,0.1,euclidean,67,0.6652188301086426,0.16586137222173417,0.49935745788690844,6.702
10,0.0,16,euclidean,50,5,0.0,euclidean,67,0.6652188301086426,0.16586137222173417,0.49935745788690844,6.789
30,0.0,16,euclidean,50,5,0.0,euclidean,67,0.6781652569770813,0.17895106738118247,0.4992141895958988,5.826
30,0.0,16,euclidean,50,5,0.1,euclidean,67,0.6781652569770813,0.17895106738118247,0.4992141895958988,5.871
50,0.1,16,euclidean,50,50,0.0,euclidean,47,0.6827314496040344,0.18589124132478257,0.49684020827925185,6.608
50,0.1,16,euclidean,50,50,0.1,euclidean,47,0.6827314496040344,0.18589124132478257,0.49684020827925185,6.604
10,0.0,8,euclidean,50,20,0.0,euclidean,59,0.6855889558792114,0.19072300799437758,0.49486594788483385,5.702
10,0.0,8,euclidean,50,20,0.1,euclidean,59,0.6855889558792114,0.19072300799437758,0.49486594788483385,5.999
50,0.0,8,euclidean,100,50,0.0,euclidean,33,0.7119923830032349,0.22006500922428182,0.491927373778953,5.31
50,0.0,8,euclidean,100,50,0.1,euclidean,33,0.7119923830032349,0.22006500922428182,0.491927373778953,4.98
50,0.0,32,euclidean,100,20,0.0,euclidean,33,0.685103178024292,0.19502767284547132,0.4900755051788207,6.172
50,0.0,32,euclidean,100,20,0.1,euclidean,33,0.685103178024292,0.19502767284547132,0.4900755051788207,6.022
10,0.0,32,euclidean,50,50,0.0,euclidean,51,0.7528149485588074,0.2629359571290521,0.4898789914297553,8.586
10,0.0,32,euclidean,50,50,0.1,euclidean,51,0.7528149485588074,0.2629359571290521,0.4898789914297553,9.198
30,0.0,32,euclidean,100,20,0.0,euclidean,34,0.6861889958381653,0.1965211279978916,0.4896678678402737,7.108
30,0.0,32,euclidean,100,20,0.1,euclidean,34,0.6861889958381653,0.1965211279978916,0.4896678678402737,7.201
30,0.0,32,euclidean,100,50,0.1,euclidean,31,0.7095837593078613,0.220416410436616,0.48916734887124536,8.23
30,0.0,32,euclidean,100,50,0.0,euclidean,31,0.7095837593078613,0.220416410436616,0.48916734887124536,8.189
10,0.0,16,euclidean,50,50,0.0,euclidean,55,0.7460924386978149,0.25880699288412545,0.4872854458136895,5.984
10,0.0,16,euclidean,50,50,0.1,euclidean,55,0.7460924386978149,0.25880699288412545,0.4872854458136895,6.194
50,0.1,32,euclidean,50,20,0.0,euclidean,55,0.6819191575050354,0.19476412193622067,0.48715503556881473,8.588
50,0.1,32,euclidean,50,20,0.1,euclidean,55,0.6819191575050354,0.19476412193622067,0.48715503556881473,7.598
50,0.1,16,euclidean,50,20,0.0,euclidean,55,0.6637895107269287,0.17693051041026092,0.4868590003166678,6.217
50,0.1,16,euclidean,50,20,0.1,euclidean,55,0.6637895107269287,0.17693051041026092,0.4868590003166678,6.724
50,0.0,16,euclidean,100,50,0.0,euclidean,32,0.6898097395896912,0.20425195466924362,0.48555778492044754,5.714
50,0.0,16,euclidean,100,50,0.1,euclidean,32,0.6898097395896912,0.20425195466924362,0.48555778492044754,5.406
30,0.0,8,euclidean,100,20,0.0,euclidean,35,0.7055394053459167,0.22006500922428182,0.4854743961216349,5.683
30,0.0,8,euclidean,100,20,0.1,euclidean,35,0.7055394053459167,0.22006500922428182,0.4854743961216349,4.736
30,0.0,8,euclidean,100,5,0.1,euclidean,35,0.6823172569274902,0.1984538346657296,0.4838634222617606,5.703
30,0.0,8,euclidean,100,5,0.0,euclidean,35,0.6823172569274902,0.1984538346657296,0.4838634222617606,4.783
10,0.0,8,euclidean,50,50,0.1,euclidean,55,0.7447522878646851,0.26091540015813053,0.48383688770655453,5.18
10,0.0,8,euclidean,50,50,0.0,euclidean,55,0.7447522878646851,0.26091540015813053,0.48383688770655453,5.096
50,0.1,16,euclidean,50,5,0.0,euclidean,55,0.6410735249519348,0.15892119827813406,0.48215232667380076,6.171
50,0.1,16,euclidean,50,5,0.1,euclidean,55,0.6410735249519348,0.15892119827813406,0.48215232667380076,7.803
30,0.1,8,euclidean,50,20,0.1,euclidean,61,0.6851698756217957,0.20354915224457523,0.4816207233772204,5.499
30,0.1,8,euclidean,50,20,0.0,euclidean,61,0.6851698756217957,0.20354915224457523,0.4816207233772204,5.773
30,0.0,16,euclidean,100,20,0.0,euclidean,35,0.7017595767974854,0.22147061407361857,0.4802889627238668,5.508
30,0.0,16,euclidean,100,20,0.1,euclidean,35,0.7017595767974854,0.22147061407361857,0.4802889627238668,5.584
50,0.0,32,euclidean,100,50,0.1,euclidean,31,0.7008019089698792,0.22226126680137046,0.47854064216850867,7.472
50,0.0,32,euclidean,100,50,0.0,euclidean,31,0.7008019089698792,0.22226126680137046,0.47854064216850867,6.816
50,0.0,16,euclidean,100,20,0.0,euclidean,35,0.6892913579940796,0.21084072740050952,0.47845063059357007,5.098
50,0.0,16,euclidean,100,20,0.1,euclidean,35,0.6892913579940796,0.21084072740050952,0.47845063059357007,5.278
30,0.1,32,euclidean,50,20,0.1,euclidean,56,0.6685677170753479,0.1901959061758763,0.47837181089947156,8.306
30,0.1,32,euclidean,50,20,0.0,euclidean,56,0.6685677170753479,0.1901959061758763,0.47837181089947156,8.184
50,0.1,8,euclidean,50,50,0.1,euclidean,50,0.6911045908927917,0.2128612843714311,0.47824330652136066,5.111
50,0.1,8,euclidean,50,50,0.0,euclidean,50,0.6911045908927917,0.2128612843714311,0.47824330652136066,5.203
50,0.1,8,euclidean,50,20,0.0,euclidean,56,0.6545696258544922,0.17640340859175965,0.47816621726273256,6.178
50,0.1,8,euclidean,50,20,0.1,euclidean,56,0.6545696258544922,0.17640340859175965,0.47816621726273256,5.512
50,0.0,8,euclidean,100,20,0.1,euclidean,36,0.6759805083274841,0.19915663709039796,0.47682387123708614,5.376
50,0.0,8,euclidean,100,20,0.0,euclidean,36,0.6759805083274841,0.19915663709039796,0.47682387123708614,5.623
30,0.0,16,euclidean,100,50,0.0,euclidean,32,0.7118293046951294,0.23666871650707194,0.47516058818805745,5.246
30,0.0,16,euclidean,100,50,0.1,euclidean,32,0.7118293046951294,0.23666871650707194,0.47516058818805745,5.26
50,0.1,32,euclidean,50,50,0.1,euclidean,45,0.6760286688804626,0.20495475709391198,0.47107391178655067,7.278
50,0.1,32,euclidean,50,50,0.0,euclidean,45,0.6760286688804626,0.20495475709391198,0.47107391178655067,7.127
30,0.0,16,euclidean,100,5,0.1,euclidean,35,0.6617951393127441,0.1916893613282966,0.4701057779844475,5.601
30,0.0,16,euclidean,100,5,0.0,euclidean,35,0.6617951393127441,0.1916893613282966,0.4701057779844475,5.774
30,0.0,8,euclidean,100,50,0.0,euclidean,33,0.7216143012046814,0.2516032680312747,0.4700110331734067,4.595
30,0.0,8,euclidean,100,50,0.1,euclidean,33,0.7216143012046814,0.2516032680312747,0.4700110331734067,5.002
50,0.0,8,euclidean,100,5,0.0,euclidean,36,0.6651788949966431,0.19713608011947642,0.46804281487716665,4.902
50,0.0,8,euclidean,100,5,0.1,euclidean,36,0.6651788949966431,0.19713608011947642,0.46804281487716665,6.104
30,0.0,32,euclidean,100,5,0.1,euclidean,35,0.6604331731796265,0.1926557146622156,0.46777745851741087,7.483
30,0.0,32,euclidean,100,5,0.0,euclidean,35,0.6604331731796265,0.1926557146622156,0.46777745851741087,6.582
30,0.1,16,euclidean,50,20,0.1,euclidean,60,0.673642635345459,0.2073267152771677,0.46631592006829126,6.293
30,0.1,16,euclidean,50,20,0.0,euclidean,60,0.673642635345459,0.2073267152771677,0.46631592006829126,6.217
50,0.1,32,euclidean,50,5,0.1,euclidean,61,0.6463792324066162,0.1801809716243521,0.4661982607822641,8.592
50,0.1,32,euclidean,50,5,0.0,euclidean,61,0.6463792324066162,0.1801809716243521,0.4661982607822641,8.078
10,0.0,8,euclidean,50,5,0.1,euclidean,65,0.6420722007751465,0.17587630677325836,0.4661958940018881,5.885
10,0.0,8,euclidean,50,5,0.0,euclidean,65,0.6420722007751465,0.17587630677325836,0.4661958940018881,6.614
50,0.0,16,euclidean,100,5,0.0,euclidean,36,0.6689829230308533,0.20451550557849424,0.46446741745235903,5.091
50,0.0,16,euclidean,100,5,0.1,euclidean,36,0.6689829230308533,0.20451550557849424,0.46446741745235903,5.229
50,0.0,32,euclidean,100,5,0.0,euclidean,33,0.6517893671989441,0.18799964859878768,0.4637897186001564,6.524
50,0.0,32,euclidean,100,5,0.1,euclidean,33,0.6517893671989441,0.18799964859878768,0.4637897186001564,6.604
50,0.1,8,euclidean,50,5,0.1,euclidean,64,0.6339735984802246,0.17376789949925328,0.4602056989809713,5.921
50,0.1,8,euclidean,50,5,0.0,euclidean,64,0.6339735984802246,0.17376789949925328,0.4602056989809713,5.815
30,0.1,32,euclidean,50,5,0.1,euclidean,62,0.6582637429237366,0.19836598436264605,0.4598977585610905,7.189
30,0.1,32,euclidean,50,5,0.0,euclidean,62,0.6582637429237366,0.19836598436264605,0.4598977585610905,7.84
30,0.1,32,euclidean,50,50,0.0,euclidean,46,0.6789196133613586,0.219450057102697,0.45946955625866165,8.286
30,0.1,32,euclidean,50,50,0.1,euclidean,46,0.6789196133613586,0.219450057102697,0.45946955625866165,8.025
30,0.1,16,euclidean,50,5,0.1,euclidean,60,0.6320115327835083,0.17464640253008873,0.45736513025341957,6.887
30,0.1,16,euclidean,50,5,0.0,euclidean,60,0.6320115327835083,0.17464640253008873,0.45736513025341957,6.533
10,0.1,16,euclidean,50,20,0.0,euclidean,60,0.6711041331291199,0.21514539225160326,0.45595874087751664,5.587
10,0.1,16,euclidean,50,20,0.1,euclidean,60,0.6711041331291199,0.21514539225160326,0.45595874087751664,5.715
30,0.1,8,euclidean,50,5,0.1,euclidean,63,0.6392688751220703,0.1861547922340332,0.4531140828880371,6.248
30,0.1,8,euclidean,50,5,0.0,euclidean,63,0.6392688751220703,0.1861547922340332,0.4531140828880371,6.28
10,0.1,8,euclidean,50,20,0.1,euclidean,57,0.661273717880249,0.20917157164192215,0.4521021462383269,5.191
10,0.1,8,euclidean,50,20,0.0,euclidean,57,0.661273717880249,0.20917157164192215,0.4521021462383269,5.117
10,0.1,8,euclidean,50,5,0.1,euclidean,61,0.638056218624115,0.18720899587103576,0.4508472227530792,6.181
10,0.1,8,euclidean,50,5,0.0,euclidean,61,0.638056218624115,0.18720899587103576,0.4508472227530792,5.884
30,0.1,16,euclidean,50,50,0.0,euclidean,45,0.6853216886520386,0.23543881226390231,0.4498828763881363,5.965
30,0.1,16,euclidean,50,50,0.1,euclidean,45,0.6853216886520386,0.23543881226390231,0.4498828763881363,6.324
30,0.1,8,euclidean,50,50,0.1,euclidean,54,0.726630449295044,0.27734340683475356,0.4492870424602904,5.106
30,0.1,8,euclidean,50,50,0.0,euclidean,54,0.726630449295044,0.27734340683475356,0.4492870424602904,6.014
10,0.1,32,euclidean,50,20,0.1,euclidean,57,0.6740667819976807,0.22559957831854519,0.4484672036791355,9.453
10,0.1,32,euclidean,50,20,0.0,euclidean,57,0.6740667819976807,0.22559957831854519,0.4484672036791355,9.009
10,0.0,16,euclidean,100,50,0.1,euclidean,31,0.6941177248954773,0.24721075287709743,0.44690697201837987,5.774
10,0.0,16,euclidean,100,50,0.0,euclidean,31,0.6941177248954773,0.24721075287709743,0.44690697201837987,5.78
10,0.0,32,euclidean,100,5,0.0,euclidean,35,0.6703080534934998,0.22533602740929456,0.44497202608420516,7.417
10,0.0,32,euclidean,100,5,0.1,euclidean,35,0.6703080534934998,0.22533602740929456,0.44497202608420516,7.692
10,0.1,32,euclidean,50,5,0.1,euclidean,57,0.6529786586761475,0.20882017042958798,0.44415848824655946,8.108
10,0.1,32,euclidean,50,5,0.0,euclidean,57,0.6529786586761475,0.20882017042958798,0.44415848824655946,8.209
50,0.1,32,euclidean,100,20,0.1,euclidean,30,0.6417497396469116,0.19783888254414478,0.44391085710276684,7.185
50,0.1,32,euclidean,100,20,0.0,euclidean,30,0.6417497396469116,0.19783888254414478,0.44391085710276684,7.014
10,0.0,32,euclidean,100,20,0.0,euclidean,35,0.6799893379211426,0.23798647105332513,0.4420028668678174,8.986
10,0.0,32,euclidean,100,20,0.1,euclidean,35,0.6799893379211426,0.23798647105332513,0.4420028668678174,9.298
10,0.0,16,euclidean,100,5,0.1,euclidean,31,0.6590525507926941,0.219450057102697,0.4396024936899971,5.623
10,0.0,16,euclidean,100,5,0.0,euclidean,31,0.6590525507926941,0.219450057102697,0.4396024936899971,6.018
10,0.1,8,euclidean,50,50,0.1,euclidean,52,0.7199773192405701,0.28577703593077397,0.4342002833097961,4.613
10,0.1,8,euclidean,50,50,0.0,euclidean,52,0.7199773192405701,0.28577703593077397,0.4342002833097961,4.912
10,0.1,32,euclidean,50,50,0.0,euclidean,49,0.7117223143577576,0.278046209259422,0.4336761050983356,7.927
10,0.1,32,euclidean,50,50,0.1,euclidean,49,0.7117223143577576,0.278046209259422,0.4336761050983356,8.091
30,0.1,16,euclidean,100,20,0.1,euclidean,31,0.6335561275482178,0.20223139769832205,0.4313247298498957,6.392
30,0.1,16,euclidean,100,20,0.0,euclidean,31,0.6335561275482178,0.20223139769832205,0.4313247298498957,6.195
30,0.1,32,euclidean,100,20,0.1,euclidean,31,0.6480454206466675,0.21918650619344637,0.4288589144532211,7.102
30,0.1,32,euclidean,100,20,0.0,euclidean,31,0.6480454206466675,0.21918650619344637,0.4288589144532211,7.499
10,0.0,32,euclidean,100,50,0.0,euclidean,29,0.6904780864715576,0.2644294122814724,0.42604867419008524,8.088
10,0.0,32,euclidean,100,50,0.1,euclidean,29,0.6904780864715576,0.2644294122814724,0.42604867419008524,8.023
50,0.1,16,euclidean,100,50,0.1,euclidean,29,0.667634904384613,0.24246683651058595,0.42516806787402706,5.907
50,0.1,16,euclidean,100,50,0.0,euclidean,29,0.667634904384613,0.24246683651058595,0.42516806787402706,5.778
10,0.1,16,euclidean,50,5,0.0,euclidean,65,0.6341596245765686,0.20908372133883862,0.42507590323773,5.768
10,0.1,16,euclidean,50,5,0.1,euclidean,65,0.6341596245765686,0.20908372133883862,0.42507590323773,5.836
50,0.1,16,euclidean,100,20,0.0,euclidean,31,0.6487601399421692,0.22568742862162874,0.4230727113205405,5.494
50,0.1,16,euclidean,100,20,0.1,euclidean,31,0.6487601399421692,0.22568742862162874,0.4230727113205405,5.227
50,0.1,8,euclidean,100,20,0.0,euclidean,31,0.620348334312439,0.19739963102872704,0.4229487032837119,4.996
50,0.1,8,euclidean,100,20,0.1,euclidean,31,0.620348334312439,0.19739963102872704,0.4229487032837119,5.272
10,0.0,8,euclidean,100,20,0.1,euclidean,35,0.6555404663085938,0.23912852499341122,0.41641194131518255,5.194
10,0.0,8,euclidean,100,20,0.0,euclidean,35,0.6555404663085938,0.23912852499341122,0.41641194131518255,4.867
30,0.1,8,euclidean,100,20,0.1,euclidean,33,0.6474399566650391,0.23104629710972502,0.41639365955531404,5.337
30,0.1,8,euclidean,100,20,0.0,euclidean,33,0.6474399566650391,0.23104629710972502,0.41639365955531404,6.368
10,0.0,8,euclidean,100,5,0.0,euclidean,32,0.6633002161979675,0.24861635772643415,0.4146838584715334,4.837
10,0.0,8,euclidean,100,5,0.1,euclidean,32,0.6633002161979675,0.24861635772643415,0.4146838584715334,5.207
10,0.1,16,euclidean,50,50,0.0,euclidean,46,0.6795790791511536,0.2649565140999737,0.4146225650511799,5.782
10,0.1,16,euclidean,50,50,0.1,euclidean,46,0.6795790791511536,0.2649565140999737,0.4146225650511799,5.674
50,0.1,32,euclidean,100,5,0.1,euclidean,32,0.6104714870452881,0.19608187648247385,0.4143896105628142,7.113
50,0.1,32,euclidean,100,5,0.0,euclidean,32,0.6104714870452881,0.19608187648247385,0.4143896105628142,7.81
50,0.0,16,euclidean,200,5,0.1,euclidean,20,0.664880096912384,0.25107616621277346,0.4138039306996106,4.718
50,0.0,16,euclidean,200,5,0.0,euclidean,20,0.664880096912384,0.25107616621277346,0.4138039306996106,4.577
10,0.0,8,euclidean,100,50,0.0,euclidean,32,0.7007017731666565,0.28709479047702713,0.41360698268962937,4.693
10,0.0,8,euclidean,100,50,0.1,euclidean,32,0.7007017731666565,0.28709479047702713,0.41360698268962937,4.538
10,0.0,16,euclidean,100,20,0.1,euclidean,30,0.6098572611808777,0.19687252921022577,0.4129847319706519,5.821
10,0.0,16,euclidean,100,20,0.0,euclidean,30,0.6098572611808777,0.19687252921022577,0.4129847319706519,6.278
30,0.0,8,euclidean,200,5,0.0,euclidean,19,0.6767638325691223,0.26460511288763944,0.4121587196814829,4.484
30,0.0,8,euclidean,200,5,0.1,euclidean,19,0.6767638325691223,0.26460511288763944,0.4121587196814829,4.222
30,0.1,32,euclidean,100,5,0.0,euclidean,34,0.6223256587982178,0.21127997891592726,0.4110456798822905,7.082
30,0.1,32,euclidean,100,5,0.1,euclidean,34,0.6223256587982178,0.21127997891592726,0.4110456798822905,7.62
50,0.0,8,euclidean,200,5,0.0,euclidean,20,0.6582940816879272,0.24844065712026706,0.40985342456766016,4.603
50,0.0,8,euclidean,200,5,0.1,euclidean,20,0.6582940816879272,0.24844065712026706,0.40985342456766016,5.295
30,0.1,8,euclidean,100,50,0.1,euclidean,31,0.6830424070358276,0.2742686462268295,0.40877376080899813,5.913
30,0.1,8,euclidean,100,50,0.0,euclidean,31,0.6830424070358276,0.2742686462268295,0.40877376080899813,5.091
50,0.1,32,euclidean,100,50,0.1,euclidean,27,0.656534731388092,0.24826495651409997,0.4082697748739921,6.92
50,0.1,32,euclidean,100,50,0.0,euclidean,27,0.656534731388092,0.24826495651409997,0.4082697748739921,7.882
10,0.1,16,euclidean,100,20,0.1,euclidean,32,0.6351083517074585,0.22718088377404902,0.4079274679334095,5.434
10,0.1,16,euclidean,100,20,0.0,euclidean,32,0.6351083517074585,0.22718088377404902,0.4079274679334095,5.587
50,0.1,8,euclidean,100,5,0.0,euclidean,32,0.5970038771629333,0.1905473073882105,0.4064565697747229,5.376
50,0.1,8,euclidean,100,5,0.1,euclidean,32,0.5970038771629333,0.1905473073882105,0.4064565697747229,6.116
30,0.0,32,euclidean,200,20,0.1,euclidean,19,0.6935926675796509,0.2879732935078626,0.4056193740717883,6.82
30,0.0,32,euclidean,200,20,0.0,euclidean,19,0.6935926675796509,0.2879732935078626,0.4056193740717883,6.508
30,0.1,8,euclidean,100,5,0.1,euclidean,34,0.6216898560523987,0.2178687516471932,0.40382110440520547,4.818
30,0.1,8,euclidean,100,5,0.0,euclidean,34,0.6216898560523987,0.2178687516471932,0.40382110440520547,5.07
30,0.1,32,euclidean,100,50,0.1,euclidean,27,0.6656882762908936,0.2620574540982166,0.40363082219267693,8.094
30,0.1,32,euclidean,100,50,0.0,euclidean,27,0.6656882762908936,0.2620574540982166,0.40363082219267693,8.571
50,0.1,8,euclidean,100,50,0.0,euclidean,26,0.6336565017700195,0.23034349468505666,0.40331300708496287,4.818
50,0.1,8,euclidean,100,50,0.1,euclidean,26,0.6336565017700195,0.23034349468505666,0.40331300708496287,4.815
10,0.1,32,euclidean,100,5,0.1,euclidean,30,0.6203606128692627,0.21778090134410963,0.40257971152515304,8.391
10,0.1,32,euclidean,100,5,0.0,euclidean,30,0.6203606128692627,0.21778090134410963,0.40257971152515304,7.809
50,0.0,8,euclidean,200,20,0.1,euclidean,19,0.6042119264602661,0.20240709830448916,0.40180482815577695,4.83
50,0.0,8,euclidean,200,20,0.0,euclidean,19,0.6042119264602661,0.20240709830448916,0.40180482815577695,5.604
30,0.0,16,euclidean,200,5,0.0,euclidean,19,0.6689234972000122,0.2675041728893965,0.4014193243106157,4.434
30,0.0,16,euclidean,200,5,0.1,euclidean,19,0.6689234972000122,0.2675041728893965,0.4014193243106157,5.402
30,0.0,16,euclidean,200,20,0.1,euclidean,18,0.6370356678962708,0.23605376438548714,0.4009819035107836,5.197
30,0.0,16,euclidean,200,20,0.0,euclidean,18,0.6370356678962708,0.23605376438548714,0.4009819035107836,5.474
50,0.0,32,euclidean,200,5,0.1,euclidean,19,0.6611707210540771,0.26170605288588245,0.3994646681681947,5.419
50,0.0,32,euclidean,200,5,0.0,euclidean,19,0.6611707210540771,0.26170605288588245,0.3994646681681947,5.093
50,0.1,16,euclidean,100,5,0.0,euclidean,34,0.6126235723495483,0.21435473952385137,0.398268832825697,5.223
50,0.1,16,euclidean,100,5,0.1,euclidean,34,0.6126235723495483,0.21435473952385137,0.398268832825697,5.176
50,0.0,8,euclidean,200,50,0.0,euclidean,18,0.6254293918609619,0.2275322849863832,0.3978971068745787,4.997
50,0.0,8,euclidean,200,50,0.1,euclidean,18,0.6254293918609619,0.2275322849863832,0.3978971068745787,4.875
10,0.0,16,euclidean,200,20,0.0,euclidean,20,0.6702061891555786,0.2734779934990776,0.396728195656501,5.41
10,0.0,16,euclidean,200,20,0.1,euclidean,20,0.6702061891555786,0.2734779934990776,0.396728195656501,5.708
50,0.0,32,euclidean,200,50,0.0,euclidean,18,0.6435524225234985,0.2479135553017658,0.39563886722173275,5.885
50,0.0,32,euclidean,200,50,0.1,euclidean,18,0.6435524225234985,0.2479135553017658,0.39563886722173275,6.283
10,0.0,32,euclidean,200,5,0.1,euclidean,19,0.6706715822219849,0.27505929895458137,0.3956122832674035,7.477
10,0.0,32,euclidean,200,5,0.0,euclidean,19,0.6706715822219849,0.27505929895458137,0.3956122832674035,7.511
30,0.1,16,euclidean,100,5,0.0,euclidean,34,0.628871500492096,0.2335061055960643,0.3953653948960316,5.979
30,0.1,16,euclidean,100,5,0.1,euclidean,34,0.628871500492096,0.2335061055960643,0.3953653948960316,5.436
10,0.1,8,euclidean,100,5,0.1,euclidean,33,0.616820752620697,0.22226126680137046,0.39455948581932654,5.704
10,0.1,8,euclidean,100,5,0.0,euclidean,33,0.616820752620697,0.22226126680137046,0.39455948581932654,4.882
10,0.0,16,euclidean,200,50,0.1,euclidean,20,0.679512083530426,0.2850742335061056,0.3944378500243204,5.48
10,0.0,16,euclidean,200,50,0.0,euclidean,20,0.679512083530426,0.2850742335061056,0.3944378500243204,5.42
50,0.0,32,euclidean,200,20,0.0,euclidean,18,0.6054925322532654,0.21207063164367917,0.3934219006095862,6.52
50,0.0,32,euclidean,200,20,0.1,euclidean,18,0.6054925322532654,0.21207063164367917,0.3934219006095862,5.793
30,0.0,8,euclidean,200,50,0.0,euclidean,18,0.650379478931427,0.25801634015637354,0.39236313877505347,4.701
30,0.0,8,euclidean,200,50,0.1,euclidean,18,0.650379478931427,0.25801634015637354,0.39236313877505347,4.398
50,0.0,16,euclidean,200,20,0.1,euclidean,18,0.6023840308189392,0.21005007467275763,0.3923339561461816,5.401
50,0.0,16,euclidean,200,20,0.0,euclidean,18,0.6023840308189392,0.21005007467275763,0.3923339561461816,5.068
30,0.1,16,euclidean,100,50,0.0,euclidean,27,0.6447710394859314,0.25309672318369497,0.3916743163022364,6.0
30,0.1,16,euclidean,100,50,0.1,euclidean,27,0.6447710394859314,0.25309672318369497,0.3916743163022364,6.492
10,0.1,8,euclidean,100,20,0.0,euclidean,31,0.6269165277481079,0.23745936923482386,0.38945715851328405,5.285
10,0.1,8,euclidean,100,20,0.1,euclidean,31,0.6269165277481079,0.23745936923482386,0.38945715851328405,4.832
10,0.0,32,euclidean,200,20,0.0,euclidean,20,0.664027988910675,0.2747078977422472,0.38932009116842786,7.991
10,0.0,32,euclidean,200,20,0.1,euclidean,20,0.664027988910675,0.2747078977422472,0.38932009116842786,8.015
30,0.0,8,euclidean,200,20,0.0,euclidean,18,0.6231414675712585,0.23570236317315293,0.3874391043981056,4.575
30,0.0,8,euclidean,200,20,0.1,euclidean,18,0.6231414675712585,0.23570236317315293,0.3874391043981056,4.694
10,0.0,16,euclidean,200,5,0.0,euclidean,20,0.6548392176628113,0.2710181850127383,0.383821032650073,5.434
10,0.0,16,euclidean,200,5,0.1,euclidean,20,0.6548392176628113,0.2710181850127383,0.383821032650073,5.167
10,0.1,16,euclidean,100,5,0.0,euclidean,33,0.6130650043487549,0.23016779407888957,0.38289721026986534,5.702
10,0.1,16,euclidean,100,5,0.1,euclidean,33,0.6130650043487549,0.23016779407888957,0.38289721026986534,5.409
10,0.5,8,euclidean,100,5,0.1,euclidean,2,0.3889882266521454,0.009927084248440658,0.37906114240370475,7.69
10,0.5,8,euclidean,100,5,0.0,euclidean,2,0.3889882266521454,0.009927084248440658,0.37906114240370475,7.643
10,0.5,8,euclidean,100,50,0.1,euclidean,2,0.3889882266521454,0.009927084248440658,0.37906114240370475,8.583
10,0.5,8,euclidean,100,50,0.0,euclidean,2,0.3889882266521454,0.009927084248440658,0.37906114240370475,8.606
30,0.0,32,euclidean,200,5,0.1,euclidean,20,0.6761131882667542,0.29754897654396906,0.3785642117227851,5.593
30,0.0,32,euclidean,200,5,0.0,euclidean,20,0.6761131882667542,0.29754897654396906,0.3785642117227851,6.468
10,0.5,32,euclidean,100,20,0.1,euclidean,2,0.3882816433906555,0.01089343758235966,0.37738820580829585,13.595
10,0.5,32,euclidean,100,20,0.0,euclidean,2,0.3882816433906555,0.01089343758235966,0.37738820580829585,13.545
10,0.5,32,euclidean,100,50,0.1,euclidean,2,0.3883260190486908,0.010981287885443204,0.37734473116324757,14.317
10,0.5,32,euclidean,100,50,0.0,euclidean,2,0.3883260190486908,0.010981287885443204,0.37734473116324757,13.875
10,0.1,32,euclidean,100,20,0.1,euclidean,32,0.6415449976921082,0.2669770710708952,0.37456792662121297,8.295
10,0.1,32,euclidean,100,20,0.0,euclidean,32,0.6415449976921082,0.2669770710708952,0.37456792662121297,9.028
10,0.1,32,euclidean,100,50,0.0,euclidean,26,0.6697276830673218,0.297373275937802,0.3723544071295198,7.684
10,0.1,32,euclidean,100,50,0.1,euclidean,26,0.6697276830673218,0.297373275937802,0.3723544071295198,8.086
10,0.1,8,euclidean,100,50,0.1,euclidean,26,0.6512205004692078,0.27901256259334095,0.3722079378758668,4.996
10,0.1,8,euclidean,100,50,0.0,euclidean,26,0.6512205004692078,0.27901256259334095,0.3722079378758668,4.769
30,0.0,16,euclidean,200,50,0.1,euclidean,15,0.5363566279411316,0.16428006676623033,0.3720765611749013,6.539
30,0.0,16,euclidean,200,50,0.0,euclidean,15,0.5363566279411316,0.16428006676623033,0.3720765611749013,6.488
10,0.0,32,euclidean,200,50,0.1,euclidean,16,0.6146312355995178,0.24396029166300623,0.37067094393651157,8.124
10,0.0,32,euclidean,200,50,0.0,euclidean,16,0.6146312355995178,0.24396029166300623,0.37067094393651157,8.29
50,0.1,32,euclidean,200,5,0.1,euclidean,20,0.6353406310081482,0.26961258016340156,0.36572805084474663,6.514
50,0.1,32,euclidean,200,5,0.0,euclidean,20,0.6353406310081482,0.26961258016340156,0.36572805084474663,6.276
10,0.1,16,euclidean,100,50,0.0,euclidean,28,0.6595365405082703,0.29781252745321973,0.36172401305505053,5.584
10,0.1,16,euclidean,100,50,0.1,euclidean,28,0.6595365405082703,0.29781252745321973,0.36172401305505053,5.317
50,0.1,16,euclidean,200,5,0.1,euclidean,20,0.6369177103042603,0.2754985504699991,0.36141915983426115,4.71
50,0.1,16,euclidean,200,5,0.0,euclidean,20,0.6369177103042603,0.2754985504699991,0.36141915983426115,4.587
30,0.0,32,euclidean,200,50,0.0,euclidean,15,0.5394488573074341,0.18492488799086357,0.3545239693165705,9.095
30,0.0,32,euclidean,200,50,0.1,euclidean,15,0.5394488573074341,0.18492488799086357,0.3545239693165705,10.29
50,0.0,16,euclidean,200,50,0.0,euclidean,15,0.5146324038505554,0.1605025037336379,0.35412990011691753,6.715
50,0.0,16,euclidean,200,50,0.1,euclidean,15,0.5146324038505554,0.1605025037336379,0.35412990011691753,6.705
50,0.1,8,euclidean,200,5,0.0,euclidean,20,0.6265186667442322,0.2769041553193359,0.3496145114248963,4.38
50,0.1,8,euclidean,200,5,0.1,euclidean,20,0.6265186667442322,0.2769041553193359,0.3496145114248963,4.228
30,0.1,8,euclidean,200,20,0.1,euclidean,19,0.6351913213729858,0.2920144074497057,0.34317691392328015,4.412
30,0.1,8,euclidean,200,20,0.0,euclidean,19,0.6351913213729858,0.2920144074497057,0.34317691392328015,5.006
10,0.0,8,euclidean,200,5,0.1,euclidean,20,0.6345123648643494,0.2920144074497057,0.3424979574146437,4.316
10,0.0,8,euclidean,200,5,0.0,euclidean,20,0.6345123648643494,0.2920144074497057,0.3424979574146437,4.075
50,0.1,32,euclidean,200,20,0.0,euclidean,18,0.5994316935539246,0.25933409470262675,0.3400975988512978,6.282
50,0.1,32,euclidean,200,20,0.1,euclidean,18,0.5994316935539246,0.25933409470262675,0.3400975988512978,6.915
30,0.1,8,euclidean,200,5,0.1,euclidean,19,0.6115003228187561,0.2720723886497408,0.3394279341690153,4.673
30,0.1,8,euclidean,200,5,0.0,euclidean,19,0.6115003228187561,0.2720723886497408,0.3394279341690153,4.696
30,0.1,16,euclidean,200,5,0.1,euclidean,19,0.6179279685020447,0.2834050777475182,0.33452289075452646,5.025
30,0.1,16,euclidean,200,5,0.0,euclidean,19,0.6179279685020447,0.2834050777475182,0.33452289075452646,5.299
30,0.1,32,euclidean,200,5,0.0,euclidean,19,0.6143221259117126,0.2805060177457612,0.3338161081659514,7.837
30,0.1,32,euclidean,200,5,0.1,euclidean,19,0.6143221259117126,0.2805060177457612,0.3338161081659514,6.699
10,0.0,8,euclidean,200,20,0.0,euclidean,16,0.5766412615776062,0.24308178863217078,0.3335594729454354,4.877
10,0.0,8,euclidean,200,20,0.1,euclidean,16,0.5766412615776062,0.24308178863217078,0.3335594729454354,5.03
50,0.1,8,euclidean,200,50,0.0,euclidean,18,0.5943275690078735,0.26425371167530526,0.3300738573325683,5.083
50,0.1,8,euclidean,200,50,0.1,euclidean,18,0.5943275690078735,0.26425371167530526,0.3300738573325683,4.508
30,0.1,16,euclidean,200,20,0.0,euclidean,18,0.5825596451759338,0.2556443819731178,0.32691526320281605,5.762
30,0.1,16,euclidean,200,20,0.1,euclidean,18,0.5825596451759338,0.2556443819731178,0.32691526320281605,5.825
50,0.1,32,euclidean,200,50,0.1,euclidean,18,0.572924792766571,0.24975841166652024,0.3231663811000508,7.208
50,0.1,32,euclidean,200,50,0.0,euclidean,18,0.572924792766571,0.24975841166652024,0.3231663811000508,7.081
50,0.1,8,euclidean,200,20,0.0,euclidean,18,0.5854707360267639,0.26425371167530526,0.32121702435145866,4.463
50,0.1,8,euclidean,200,20,0.1,euclidean,18,0.5854707360267639,0.26425371167530526,0.32121702435145866,4.419
50,0.5,32,euclidean,100,20,0.0,euclidean,3,0.32764866948127747,0.006764473337433014,0.32088419614384445,12.106
50,0.5,32,euclidean,100,20,0.1,euclidean,3,0.32764866948127747,0.006764473337433014,0.32088419614384445,12.684
10,0.1,16,euclidean,200,5,0.1,euclidean,20,0.6253510117530823,0.3062461565492401,0.3191048552038422,5.11
10,0.1,16,euclidean,200,5,0.0,euclidean,20,0.6253510117530823,0.3062461565492401,0.3191048552038422,5.076
10,0.1,32,euclidean,200,5,0.1,euclidean,21,0.6205116510391235,0.30492840200298693,0.3155832490361366,7.194
10,0.1,32,euclidean,200,5,0.0,euclidean,21,0.6205116510391235,0.30492840200298693,0.3155832490361366,6.908
30,0.1,8,euclidean,200,50,0.1,euclidean,18,0.5973537564277649,0.28445928138452076,0.31289447504324414,4.787
30,0.1,8,euclidean,200,50,0.0,euclidean,18,0.5973537564277649,0.28445928138452076,0.31289447504324414,5.507
30,0.1,32,euclidean,200,50,0.0,euclidean,18,0.5861766934394836,0.2734779934990776,0.31269869994040606,7.803
30,0.1,32,euclidean,200,50,0.1,euclidean,18,0.5861766934394836,0.2734779934990776,0.31269869994040606,8.685
30,0.5,8,euclidean,200,20,0.1,euclidean,2,0.33967694640159607,0.029781252745321972,0.3098956936562741,8.202
30,0.5,8,euclidean,200,20,0.0,euclidean,2,0.33967694640159607,0.029781252745321972,0.3098956936562741,8.901
10,0.1,8,euclidean,200,20,0.1,euclidean,20,0.6165369153022766,0.30940876746024776,0.30712814784202885,4.621
10,0.1,8,euclidean,200,20,0.0,euclidean,20,0.6165369153022766,0.30940876746024776,0.30712814784202885,4.37
10,0.0,8,euclidean,200,50,0.0,euclidean,15,0.579348087310791,0.27251164016515855,0.30683644714563246,5.079
10,0.0,8,euclidean,200,50,0.1,euclidean,15,0.579348087310791,0.27251164016515855,0.30683644714563246,4.815
50,0.5,32,euclidean,200,20,0.0,euclidean,2,0.320598304271698,0.018272863041377492,0.3023254412303205,11.397
50,0.5,32,euclidean,200,20,0.1,euclidean,2,0.320598304271698,0.018272863041377492,0.3023254412303205,11.9
10,0.1,16,euclidean,200,20,0.1,euclidean,19,0.6167463064193726,0.3152947377668453,0.30145156865252726,4.894
10,0.1,16,euclidean,200,20,0.0,euclidean,19,0.6167463064193726,0.3152947377668453,0.30145156865252726,5.021
10,0.1,8,euclidean,200,5,0.1,euclidean,20,0.5938825607299805,0.29781252745321973,0.29607003327676074,4.643
10,0.1,8,euclidean,200,5,0.0,euclidean,20,0.5938825607299805,0.29781252745321973,0.29607003327676074,4.098
30,0.1,16,euclidean,200,50,0.1,euclidean,17,0.5884585380554199,0.29350786260212597,0.29495067545329395,5.8
30,0.1,16,euclidean,200,50,0.0,euclidean,17,0.5884585380554199,0.29350786260212597,0.29495067545329395,5.085
30,0.5,8,euclidean,200,50,0.1,euclidean,2,0.3425799608230591,0.052007379425459015,0.29057258139760006,8.433
30,0.5,8,euclidean,200,50,0.0,euclidean,2,0.3425799608230591,0.052007379425459015,0.29057258139760006,9.103
50,0.5,8,euclidean,100,50,0.0,euclidean,3,0.28689756989479065,0.0,0.28689756989479065,9.287
50,0.5,8,euclidean,100,50,0.1,euclidean,3,0.28689756989479065,0.0,0.28689756989479065,8.799
30,0.5,16,euclidean,200,20,0.0,euclidean,2,0.32174694538116455,0.038741983659843625,0.28300496172132095,8.83
30,0.5,16,euclidean,200,20,0.1,euclidean,2,0.32174694538116455,0.038741983659843625,0.28300496172132095,8.975
10,0.5,8,euclidean,100,20,0.1,euclidean,3,0.3078218996524811,0.028727049108319424,0.27909485054416167,7.699
10,0.5,8,euclidean,100,20,0.0,euclidean,3,0.3078218996524811,0.028727049108319424,0.27909485054416167,7.796
50,0.5,16,euclidean,50,5,0.1,euclidean,50,0.5029662251472473,0.23939207590266187,0.26357414924458544,6.186
50,0.5,16,euclidean,50,5,0.0,euclidean,50,0.5029662251472473,0.23939207590266187,0.26357414924458544,5.894
30,0.5,8,euclidean,50,5,0.0,euclidean,52,0.5188506841659546,0.26478081349380655,0.25406987067214803,4.897
30,0.5,8,euclidean,50,5,0.1,euclidean,52,0.5188506841659546,0.26478081349380655,0.25406987067214803,5.201
10,0.1,32,euclidean,200,50,0.1,euclidean,8,0.3459729552268982,0.09241851884389,0.2535544363830082,10.79
10,0.1,32,euclidean,200,50,0.0,euclidean,8,0.3459729552268982,0.09241851884389,0.2535544363830082,11.009
30,0.5,32,euclidean,50,5,0.0,euclidean,53,0.5102775692939758,0.25792848985329,0.25234907944068585,8.284
30,0.5,32,euclidean,50,5,0.1,euclidean,53,0.5102775692939758,0.25792848985329,0.25234907944068585,8.809
10,0.1,32,euclidean,200,20,0.1,euclidean,8,0.3482949137687683,0.09619608187648247,0.2520988318922858,10.413
10,0.1,32,euclidean,200,20,0.0,euclidean,8,0.3482949137687683,0.09619608187648247,0.2520988318922858,10.79
50,0.5,8,euclidean,50,20,0.0,euclidean,45,0.512055516242981,0.2668013704647281,0.24525414577825283,4.897
50,0.5,8,euclidean,50,20,0.1,euclidean,45,0.512055516242981,0.2668013704647281,0.24525414577825283,5.17
50,0.5,8,euclidean,50,5,0.0,euclidean,54,0.495845228433609,0.25090046560660634,0.24494476282700267,6.018
50,0.5,8,euclidean,50,5,0.1,euclidean,54,0.495845228433609,0.25090046560660634,0.24494476282700267,4.809
50,0.1,16,euclidean,200,20,0.0,euclidean,8,0.3016207218170166,0.05806905033822367,0.24355167147879292,7.52
50,0.1,16,euclidean,200,20,0.1,euclidean,8,0.3016207218170166,0.05806905033822367,0.24355167147879292,8.086
50,0.1,16,euclidean,200,50,0.0,euclidean,8,0.3054673373699188,0.06360361943248705,0.24186371793743178,7.795
50,0.1,16,euclidean,200,50,0.1,euclidean,8,0.3054673373699188,0.06360361943248705,0.24186371793743178,8.203
50,0.5,32,euclidean,50,5,0.0,euclidean,56,0.5045493841171265,0.2639023104629711,0.24064707365415539,8.295
50,0.5,32,euclidean,50,5,0.1,euclidean,56,0.5045493841171265,0.2639023104629711,0.24064707365415539,9.413
30,0.5,8,euclidean,50,20,0.1,euclidean,46,0.5274912714958191,0.29192655714662213,0.23556471434919696,4.613
30,0.5,8,euclidean,50,20,0.0,euclidean,46,0.5274912714958191,0.29192655714662213,0.23556471434919696,4.625
30,0.5,32,euclidean,50,20,0.0,euclidean,44,0.5308523178100586,0.2956162698761311,0.2352360479339275,8.901
30,0.5,32,euclidean,50,20,0.1,euclidean,44,0.5308523178100586,0.2956162698761311,0.2352360479339275,8.428
30,0.1,32,euclidean,200,20,0.0,euclidean,8,0.3031896948814392,0.07572696125801634,0.22746273362342287,9.71
30,0.1,32,euclidean,200,20,0.1,euclidean,8,0.3031896948814392,0.07572696125801634,0.22746273362342287,9.985
30,0.5,16,euclidean,50,5,0.1,euclidean,55,0.499589741230011,0.2758499516823333,0.2237397895476777,5.798
30,0.5,16,euclidean,50,5,0.0,euclidean,55,0.499589741230011,0.2758499516823333,0.2237397895476777,5.5
50,0.5,32,euclidean,50,20,0.1,euclidean,45,0.5111690163612366,0.28929104805411576,0.2218779683071208,8.602
50,0.5,32,euclidean,50,20,0.0,euclidean,45,0.5111690163612366,0.28929104805411576,0.2218779683071208,8.715
10,0.1,16,euclidean,200,50,0.0,euclidean,9,0.3286686837673187,0.10928577703593077,0.21938290673138794,7.587
10,0.1,16,euclidean,200,50,0.1,euclidean,9,0.3286686837673187,0.10928577703593077,0.21938290673138794,8.309
30,0.5,16,euclidean,50,20,0.0,euclidean,46,0.5328952670097351,0.3150311868575947,0.21786408015214043,5.494
30,0.5,16,euclidean,50,20,0.1,euclidean,46,0.5328952670097351,0.3150311868575947,0.21786408015214043,5.188
30,0.5,32,euclidean,50,50,0.0,euclidean,36,0.6140058636665344,0.39831327418079593,0.2156925894857385,8.685
30,0.5,32,euclidean,50,50,0.1,euclidean,36,0.6140058636665344,0.39831327418079593,0.2156925894857385,8.893
50,0.5,8,euclidean,50,50,0.0,euclidean,36,0.5569780468940735,0.349380655363261,0.20759739153081247,4.434
50,0.5,8,euclidean,50,50,0.1,euclidean,36,0.5569780468940735,0.349380655363261,0.20759739153081247,4.597
10,0.1,8,euclidean,200,50,0.1,euclidean,8,0.31883150339126587,0.11648950188878152,0.20234200150248435,7.017
10,0.1,8,euclidean,200,50,0.0,euclidean,8,0.31883150339126587,0.11648950188878152,0.20234200150248435,7.183
30,0.5,8,euclidean,50,50,0.0,euclidean,37,0.6094261407852173,0.40709830448915046,0.20232783629606682,4.168
30,0.5,8,euclidean,50,50,0.1,euclidean,37,0.6094261407852173,0.40709830448915046,0.20232783629606682,3.815
30,0.5,16,euclidean,50,50,0.1,euclidean,34,0.5741501450538635,0.38373012386892735,0.19042002118493617,5.726
30,0.5,16,euclidean,50,50,0.0,euclidean,34,0.5741501450538635,0.38373012386892735,0.19042002118493617,5.092
30,0.5,8,euclidean,100,5,0.0,euclidean,29,0.49120238423347473,0.3039620486690679,0.18724033556440683,5.276
30,0.5,8,euclidean,100,5,0.1,euclidean,29,0.49120238423347473,0.3039620486690679,0.18724033556440683,4.504
10,0.5,16,euclidean,50,5,0.0,euclidean,51,0.46554502844810486,0.28560133532460685,0.179943693123498,6.631
10,0.5,16,euclidean,50,5,0.1,euclidean,51,0.46554502844810486,0.28560133532460685,0.179943693123498,6.196
10,0.5,16,euclidean,100,50,0.1,euclidean,4,0.2433808147907257,0.06588772731265922,0.17749308747806647,10.672
10,0.5,16,euclidean,100,50,0.0,euclidean,4,0.2433808147907257,0.06588772731265922,0.17749308747806647,9.802
10,0.5,16,euclidean,50,20,0.0,euclidean,48,0.5150273442268372,0.3380479662654836,0.17697937796135355,5.975
10,0.5,16,euclidean,50,20,0.1,euclidean,48,0.5150273442268372,0.3380479662654836,0.17697937796135355,6.204
10,0.5,16,euclidean,200,5,0.0,euclidean,3,0.24423177540302277,0.0706316436791707,0.17360013172385208,8.893
10,0.5,16,euclidean,200,5,0.1,euclidean,3,0.24423177540302277,0.0706316436791707,0.17360013172385208,9.009
30,0.5,32,euclidean,100,5,0.1,euclidean,28,0.4561864733695984,0.2829658262321005,0.1732206471374979,9.126
30,0.5,32,euclidean,100,5,0.0,euclidean,28,0.4561864733695984,0.2829658262321005,0.1732206471374979,9.085
10,0.5,16,euclidean,100,5,0.0,euclidean,5,0.22225280106067657,0.04937187033295265,0.17288093072772392,9.119
10,0.5,16,euclidean,100,5,0.1,euclidean,5,0.22225280106067657,0.04937187033295265,0.17288093072772392,10.092
10,0.5,8,euclidean,50,20,0.0,euclidean,50,0.5436738133430481,0.3716946323464816,0.1719791809965665,3.987
10,0.5,8,euclidean,50,20,0.1,euclidean,50,0.5436738133430481,0.3716946323464816,0.1719791809965665,4.211
30,0.5,16,euclidean,100,5,0.0,euclidean,27,0.4795651435852051,0.3108143723095845,0.1687507712756206,5.106
30,0.5,16,euclidean,100,5,0.1,euclidean,27,0.4795651435852051,0.3108143723095845,0.1687507712756206,5.896
10,0.5,16,euclidean,200,20,0.0,euclidean,3,0.246881902217865,0.0793288236844417,0.16755307853342327,8.784
10,0.5,16,euclidean,200,20,0.1,euclidean,3,0.246881902217865,0.0793288236844417,0.16755307853342327,9.327
10,0.5,16,euclidean,200,50,0.0,euclidean,3,0.24455533921718597,0.07730826671352016,0.16724707250366583,10.474
10,0.5,16,euclidean,200,50,0.1,euclidean,3,0.24455533921718597,0.07730826671352016,0.16724707250366583,9.919
10,0.5,32,euclidean,50,20,0.1,euclidean,48,0.531532883644104,0.36932267416322584,0.16221020948087816,9.589
10,0.5,32,euclidean,50,20,0.0,euclidean,48,0.531532883644104,0.36932267416322584,0.16221020948087816,9.593
50,0.5,8,euclidean,200,50,0.1,euclidean,4,0.23566783964633942,0.08459984186945445,0.15106799777688495,8.892
50,0.5,8,euclidean,200,50,0.0,euclidean,4,0.23566783964633942,0.08459984186945445,0.15106799777688495,7.78
10,0.5,8,euclidean,50,5,0.1,euclidean,56,0.48181042075157166,0.33198629535271895,0.1498241253988527,4.118
10,0.5,8,euclidean,50,5,0.0,euclidean,56,0.48181042075157166,0.33198629535271895,0.1498241253988527,4.214
10,0.5,32,euclidean,50,5,0.1,euclidean,51,0.46147453784942627,0.31213212685583763,0.14934241099358864,10.723
10,0.5,32,euclidean,50,5,0.0,euclidean,51,0.46147453784942627,0.31213212685583763,0.14934241099358864,11.103
50,0.5,16,euclidean,200,5,0.1,euclidean,16,0.4365467131137848,0.3007115874549767,0.13583512565880806,6.231
50,0.5,16,euclidean,200,5,0.0,euclidean,16,0.4365467131137848,0.3007115874549767,0.13583512565880806,5.264
10,0.5,8,euclidean,50,50,0.1,euclidean,32,0.6087397336959839,0.47904770271457436,0.12969203098140952,3.27
10,0.5,8,euclidean,50,50,0.0,euclidean,32,0.6087397336959839,0.47904770271457436,0.12969203098140952,3.191
50,0.5,8,euclidean,200,5,0.0,euclidean,16,0.4292057752609253,0.3020293420012299,0.1271764332596954,4.523
50,0.5,8,euclidean,200,5,0.1,euclidean,16,0.4292057752609253,0.3020293420012299,0.1271764332596954,4.313
50,0.5,32,euclidean,200,5,0.1,euclidean,16,0.4474288821220398,0.3258367741368708,0.121592107985169,7.812
50,0.5,32,euclidean,200,5,0.0,euclidean,16,0.4474288821220398,0.3258367741368708,0.121592107985169,8.405
10,0.5,32,euclidean,50,50,0.0,euclidean,33,0.578626275062561,0.45884213300535887,0.11978414205720217,9.003
10,0.5,32,euclidean,50,50,0.1,euclidean,33,0.578626275062561,0.45884213300535887,0.11978414205720217,9.889
30,0.5,32,euclidean,200,5,0.0,euclidean,17,0.4420265853404999,0.3227620135289467,0.1192645718115532,8.981
30,0.5,32,euclidean,200,5,0.1,euclidean,17,0.4420265853404999,0.3227620135289467,0.1192645718115532,8.297
50,0.5,8,euclidean,200,20,0.1,euclidean,17,0.48008623719215393,0.3608890450672055,0.11919719212494845,4.204
50,0.5,8,euclidean,200,20,0.0,euclidean,17,0.48008623719215393,0.3608890450672055,0.11919719212494845,3.994
10,0.5,16,euclidean,50,50,0.0,euclidean,31,0.5628321766853333,0.44434683299657385,0.1184853436887594,5.3
10,0.5,16,euclidean,50,50,0.1,euclidean,31,0.5628321766853333,0.44434683299657385,0.1184853436887594,5.597
50,0.5,16,euclidean,200,20,0.1,euclidean,16,0.5010932683944702,0.3873319862953527,0.11376128209911751,5.626
50,0.5,16,euclidean,200,20,0.0,euclidean,16,0.5010932683944702,0.3873319862953527,0.11376128209911751,5.173
30,0.5,32,euclidean,200,50,0.0,euclidean,5,0.2627648115158081,0.1532109285777036,0.1095538829381045,11.699
30,0.5,32,euclidean,200,50,0.1,euclidean,5,0.2627648115158081,0.1532109285777036,0.1095538829381045,10.902
30,0.5,32,euclidean,200,20,0.1,euclidean,14,0.44399699568748474,0.3347096547483089,0.10928734093917586,7.597
30,0.5,32,euclidean,200,20,0.0,euclidean,14,0.44399699568748474,0.3347096547483089,0.10928734093917586,8.402
30,0.5,16,euclidean,200,50,0.1,euclidean,6,0.24607618153095245,0.15136607221294912,0.09471010931800333,8.202
30,0.5,16,euclidean,200,50,0.0,euclidean,6,0.24607618153095245,0.15136607221294912,0.09471010931800333,8.006
10,0.5,32,euclidean,200,50,0.1,euclidean,5,0.353202760219574,0.2595097953087938,0.09369296491078016,10.981
10,0.5,32,euclidean,200,50,0.0,euclidean,5,0.353202760219574,0.2595097953087938,0.09369296491078016,10.903
30,0.5,8,euclidean,200,5,0.0,euclidean,6,0.15895569324493408,0.06606342791882631,0.09289226532610777,7.678
30,0.5,8,euclidean,200,5,0.1,euclidean,6,0.15895569324493408,0.06606342791882631,0.09289226532610777,7.599
50,0.5,16,euclidean,200,50,0.1,euclidean,17,0.555766761302948,0.46543090573662477,0.09033585556632323,5.805
50,0.5,16,euclidean,200,50,0.0,euclidean,17,0.555766761302948,0.46543090573662477,0.09033585556632323,5.609
10,0.5,32,euclidean,100,5,0.1,euclidean,27,0.47214046120643616,0.38241236932267414,0.08972809188376202,9.462
10,0.5,32,euclidean,100,5,0.0,euclidean,27,0.47214046120643616,0.38241236932267414,0.08972809188376202,10.535
50,0.5,32,euclidean,200,50,0.0,euclidean,16,0.5266931653022766,0.4377580602653079,0.08893510503696872,7.785
50,0.5,32,euclidean,200,50,0.1,euclidean,16,0.5266931653022766,0.4377580602653079,0.08893510503696872,7.189
10,0.5,16,euclidean,100,20,0.0,euclidean,19,0.34050601720809937,0.29754897654396906,0.04295704066413031,6.712
10,0.5,16,euclidean,100,20,0.1,euclidean,19,0.34050601720809937,0.29754897654396906,0.04295704066413031,7.007
10,0.5,8,euclidean,200,5,0.0,euclidean,7,0.19484373927116394,0.1591847491873847,0.035658990083779235,5.785
10,0.5,8,euclidean,200,5,0.1,euclidean,7,0.19484373927116394,0.1591847491873847,0.035658990083779235,5.809
10,0.5,8,euclidean,200,50,0.1,euclidean,4,0.24120037257671356,0.20811736800491962,0.033083004571793945,5.763
10,0.5,8,euclidean,200,50,0.0,euclidean,4,0.24120037257671356,0.20811736800491962,0.033083004571793945,5.699
10,0.5,32,euclidean,200,5,0.1,euclidean,8,0.1843889355659485,0.16252306070455944,0.02186587486138905,11.535
10,0.5,32,euclidean,200,5,0.0,euclidean,8,0.1843889355659485,0.16252306070455944,0.02186587486138905,11.673
30,0.5,16,euclidean,200,5,0.0,euclidean,7,0.11850369721651077,0.10339980672933322,0.015103890487177557,7.702
30,0.5,16,euclidean,200,5,0.1,euclidean,7,0.11850369721651077,0.10339980672933322,0.015103890487177557,7.481
10,0.5,8,euclidean,200,20,0.1,euclidean,7,0.21509836614131927,0.20592111042783098,0.009177255713488291,5.704
10,0.5,8,euclidean,200,20,0.0,euclidean,7,0.21509836614131927,0.20592111042783098,0.009177255713488291,5.721
10,0.5,32,euclidean,200,20,0.1,euclidean,7,0.22873768210411072,0.23016779407888957,-0.0014301119747788527,10.601
10,0.5,32,euclidean,200,20,0.0,euclidean,7,0.22873768210411072,0.23016779407888957,-0.0014301119747788527,10.893
